{
  "legacy": {
    "bytes": 1832661,
    "dump_seconds": 0.00923929997952655,
    "parse_seconds": 0.004948700021486729
  },
  "compact_v2": {
    "bytes": 1650187,
    "dump_seconds": 0.007398699992336333,
    "parse_seconds": 0.0047438000328838825
  },
  "summary": {
    "size_reduction_x": 1.1105777708829363,
    "dump_speedup_x": 1.248773431697019,
    "parse_speedup_x": 1.043193217922865
  }
}