{
  "python": {
    "engine": "python",
    "backend": "python",
    "docs": 15000,
    "queries": 300,
    "top_k": 10,
    "build_seconds": 0.5950196000048891,
    "search_total_seconds": 3.310260899947025,
    "search_avg_ms": 11.034202999823417,
    "py_peak_build_bytes": 53130943,
    "py_peak_search_bytes": 795694
  },
  "rust": {
    "engine": "rust",
    "backend": "python",
    "docs": 15000,
    "queries": 300,
    "top_k": 10,
    "build_seconds": 0.6651642000069842,
    "search_total_seconds": 3.7585895000374876,
    "search_avg_ms": 12.528631666791625,
    "py_peak_build_bytes": 53077281,
    "py_peak_search_bytes": 787774
  },
  "speedup_build_x": 0.8945454370494405,
  "speedup_search_x": 0.8807189239245224,
  "python_peak_build_mb": 50.669615745544434,
  "rust_peak_build_mb": 50.61843967437744,
  "python_peak_search_mb": 0.7588329315185547,
  "rust_peak_search_mb": 0.7512798309326172
}