{
  "symbol_python_s": 5.7390899999882095,
  "symbol_rust_s": 3.444015799963381,
  "symbol_speedup_x": 1.6663947941380615,
  "pre_python_s": 0.1340714999823831,
  "pre_rust_s": 0.1379896000144072,
  "pre_speedup_x": 0.9716058309349762
}