{
  "python": {
    "engine": "python",
    "backend": "python",
    "docs": 15000,
    "queries": 300,
    "top_k": 10,
    "build_seconds": 0.5376235999865457,
    "search_total_seconds": 2.075510900001973,
    "search_avg_ms": 6.918369666673243,
    "py_peak_build_bytes": 53130943,
    "py_peak_search_bytes": 795694
  },
  "rust": {
    "engine": "rust",
    "backend": "rust",
    "docs": 15000,
    "queries": 300,
    "top_k": 10,
    "build_seconds": 0.12714940001023933,
    "search_total_seconds": 0.012725099979434162,
    "search_avg_ms": 0.04241699993144721,
    "py_peak_build_bytes": 138634,
    "py_peak_search_bytes": 1624
  },
  "speedup_build_x": 4.228282633997887,
  "speedup_search_x": 163.10370082406718,
  "python_peak_build_mb": 50.669615745544434,
  "rust_peak_build_mb": 0.13221168518066406,
  "python_peak_search_mb": 0.7588329315185547,
  "rust_peak_search_mb": 0.00154876708984375
}