{
  "sequential": {
    "seconds": 0.4464464000193402,
    "decoded_entries": 201600
  },
  "parallel_4w": {
    "seconds": 0.05138189997524023,
    "decoded_entries": 201600
  },
  "summary": {
    "speedup_x": 8.688787301257303,
    "totals_equal": true
  }
}