{
  "sequential": {
    "seconds": 0.013635699986480176,
    "count": 16
  },
  "parallel_4w": {
    "seconds": 0.015582300024107099,
    "count": 16
  },
  "summary": {
    "speedup_x": 0.8750762060404836,
    "same_count": true
  }
}