{
  "python": {
    "engine": "python",
    "backend": "python",
    "docs": 15000,
    "queries": 300,
    "top_k": 10,
    "build_seconds": 0.5696310000494123,
    "search_total_seconds": 2.227464499999769,
    "search_avg_ms": 7.424881666665897,
    "py_peak_build_bytes": 53131159,
    "py_peak_search_bytes": 795694
  },
  "rust": {
    "engine": "rust",
    "backend": "rust",
    "docs": 15000,
    "queries": 300,
    "top_k": 10,
    "build_seconds": 0.1395815000287257,
    "search_total_seconds": 0.013300199992954731,
    "search_avg_ms": 0.04433399997651577,
    "py_peak_build_bytes": 138526,
    "py_peak_search_bytes": 1624
  },
  "speedup_build_x": 4.080992108067207,
  "speedup_search_x": 167.4760154869613,
  "python_peak_build_mb": 50.66982173919678,
  "rust_peak_build_mb": 0.1321086883544922,
  "python_peak_search_mb": 0.7588329315185547,
  "rust_peak_search_mb": 0.00154876708984375
}