{
  "python": {
    "engine": "python",
    "backend": "python",
    "docs": 15000,
    "queries": 300,
    "top_k": 10,
    "build_seconds": 0.562697899993509,
    "search_total_seconds": 2.1930993999703787,
    "search_avg_ms": 7.310331333234596,
    "py_peak_build_bytes": 53131106,
    "py_peak_search_bytes": 795694
  },
  "rust": {
    "engine": "rust",
    "backend": "rust",
    "docs": 15000,
    "queries": 300,
    "top_k": 10,
    "build_seconds": 0.13432760001160204,
    "search_total_seconds": 0.013420499977655709,
    "search_avg_ms": 0.04473499992551903,
    "py_peak_build_bytes": 138634,
    "py_peak_search_bytes": 1624
  },
  "speedup_build_x": 4.188996899705706,
  "speedup_search_x": 163.41413536170424,
  "python_peak_build_mb": 50.66977119445801,
  "rust_peak_build_mb": 0.13221168518066406,
  "python_peak_search_mb": 0.7588329315185547,
  "rust_peak_search_mb": 0.00154876708984375
}