{
  "python": {
    "engine": "python",
    "backend": "python",
    "docs": 12000,
    "queries": 300,
    "top_k": 10,
    "build_seconds": 1.1818099999800324,
    "search_total_seconds": 21.652917100000195,
    "search_avg_ms": 72.17639033333398,
    "py_peak_build_bytes": 42492400,
    "py_peak_search_bytes": 651934
  },
  "rust": {
    "engine": "rust",
    "backend": "rust",
    "docs": 12000,
    "queries": 300,
    "top_k": 10,
    "build_seconds": 0.3622239999822341,
    "search_total_seconds": 0.08313339995220304,
    "search_avg_ms": 0.2771113331740101,
    "py_peak_build_bytes": 114040,
    "py_peak_search_bytes": 1624
  },
  "speedup_build_x": 3.262649631272352,
  "speedup_search_x": 260.4599007432559,
  "python_peak_build_mb": 40.52391052246094,
  "rust_peak_build_mb": 0.10875701904296875,
  "python_peak_search_mb": 0.6217327117919922,
  "rust_peak_search_mb": 0.00154876708984375
}