{
  "selective_off": {
    "first_save_seconds": 0.04081349994521588,
    "first_save_bytes": 2054566,
    "second_save_seconds": 0.03861609997693449,
    "second_save_bytes": 2054566
  },
  "selective_on": {
    "first_save_seconds": 0.04390620003687218,
    "first_save_bytes": 2054566,
    "second_save_seconds": 0.0010522999800741673,
    "second_save_bytes": 1351
  },
  "summary": {
    "second_save_speedup_x": 36.696855182124764,
    "second_save_bytes_reduction_x": 1520.7742413027388
  }
}