{
  "llm_cache_global_map_reduce": {
    "cache_off": {
      "seconds_total": 0.017698900017421693,
      "llm_calls": 40
    },
    "cache_on": {
      "seconds_total": 0.013037000026088208,
      "llm_calls": 1
    },
    "llm_call_reduction_x": 40.0,
    "speedup": 1.3575899349547138
  },
  "global_reduce_skip": {
    "skip_off": {
      "seconds_total": 0.012323100003413856,
      "llm_calls": 80
    },
    "skip_on": {
      "seconds_total": 0.012581000046338886,
      "llm_calls": 40
    },
    "llm_call_reduction_x": 2.0,
    "speedup": 0.979500831255455
  },
  "global_answer_cache": {
    "answer_cache_off": {
      "seconds_total": 0.011745900032110512,
      "llm_calls": 80
    },
    "answer_cache_on": {
      "seconds_total": 0.0004597000079229474,
      "llm_calls": 2
    },
    "llm_call_reduction_x": 40.0,
    "speedup": 25.551228691906616
  },
  "global_map_cache": {
    "map_cache_off": {
      "seconds_total": 0.012309800018556416,
      "llm_calls": 80
    },
    "map_cache_on": {
      "seconds_total": 0.01112229999853298,
      "llm_calls": 41
    },
    "llm_call_reduction_x": 1.951219512195122,
    "speedup": 1.1067674869568402
  },
  "persist_write_coalescing": {
    "persist_if_changed_seconds": 0.029607799951918423,
    "baseline_write_every_time_seconds": 0.055993399990256876,
    "speedup": 1.8911705726594796
  }
}