{
  "python_heap_topk": {
    "seconds_total": 1.6170474999817088,
    "seconds_avg_query": 0.0032340949999634175,
    "total_hits": 5000
  },
  "python_numpy_topk": {
    "seconds_total": 1.440204199985601,
    "seconds_avg_query": 0.002880408399971202,
    "total_hits": 5000
  },
  "summary": {
    "speedup_avg_query_x": 1.1227904348549156
  }
}