{
  "selective_off": {
    "first_save_seconds": 0.040552399994339794,
    "first_save_bytes": 2054566,
    "second_save_seconds": 0.036723600002005696,
    "second_save_bytes": 2054566
  },
  "selective_on": {
    "first_save_seconds": 0.04352779994951561,
    "first_save_bytes": 2054566,
    "second_save_seconds": 0.0012061999877914786,
    "second_save_bytes": 1351
  },
  "summary": {
    "second_save_speedup_x": 30.44569754079145,
    "second_save_bytes_reduction_x": 1520.7742413027388
  }
}