{
  "script": "bench_graphrag_community_storage_profile.py",
  "baseline": {
    "side": "v010",
    "exit_code": 0,
    "seconds": 0.098,
    "output": "{\n  \"legacy\": {\n    \"bytes\": 1832661,\n    \"dump_seconds\": 0.009895799972582608,\n    \"parse_seconds\": 0.0049570000264793634\n  },\n  \"compact_v2\": {\n    \"bytes\": 1650187,\n    \"dump_seconds\": 0.008505800040438771,\n    \"parse_seconds\": 0.004018600040581077\n  },\n  \"summary\": {\n    \"size_reduction_x\": 1.1105777708829363,\n    \"dump_speedup_x\": 1.1634178943233344,\n    \"parse_speedup_x\": 1.2335141532926965\n  }\n}\nWrote: C:\\dev\\studio_brain_open\\bench_results_graphrag_community_storage_profile.json",
    "json_artifact": "C:\\dev\\studio_brain_open\\bench_logs_function_pairs_20260412_211414\\bench_graphrag_community_storage_profile__v010.json",
    "summary": {
      "size_reduction_x": 1.1105777708829363,
      "dump_speedup_x": 1.1634178943233344,
      "parse_speedup_x": 1.2335141532926965
    }
  },
  "current": {
    "side": "current",
    "exit_code": 0,
    "seconds": 0.092,
    "output": "{\n  \"legacy\": {\n    \"bytes\": 1832661,\n    \"dump_seconds\": 0.00923929997952655,\n    \"parse_seconds\": 0.004948700021486729\n  },\n  \"compact_v2\": {\n    \"bytes\": 1650187,\n    \"dump_seconds\": 0.007398699992336333,\n    \"parse_seconds\": 0.0047438000328838825\n  },\n  \"summary\": {\n    \"size_reduction_x\": 1.1105777708829363,\n    \"dump_speedup_x\": 1.248773431697019,\n    \"parse_speedup_x\": 1.043193217922865\n  }\n}\nWrote: C:\\dev\\studio_brain_open\\bench_results_graphrag_community_storage_profile.json",
    "json_artifact": "C:\\dev\\studio_brain_open\\bench_logs_function_pairs_20260412_211414\\bench_graphrag_community_storage_profile__current.json",
    "summary": {
      "size_reduction_x": 1.1105777708829363,
      "dump_speedup_x": 1.248773431697019,
      "parse_speedup_x": 1.043193217922865
    }
  }
}
