{
  "legacy": {
    "bytes": 3316492,
    "prepare_seconds": 0.021698299970012158,
    "write_io_seconds": 0.006986299995332956,
    "read_parse_seconds": 0.03669159999117255,
    "top_keys": 8000
  },
  "compact_v2": {
    "bytes": 1828519,
    "prepare_seconds": 0.010884699993766844,
    "write_io_seconds": 0.001660300011280924,
    "read_parse_seconds": 0.016410699987318367,
    "top_keys": 2
  },
  "summary": {
    "size_reduction_x": 1.8137585663588949,
    "prepare_speedup_x": 1.9934678936891006,
    "read_parse_speedup_x": 2.2358339388037427
  }
}