{
  "materialized_merge": {
    "seconds": 1.0069299999740906,
    "peak_bytes": 75235821
  },
  "stream_merge": {
    "seconds": 0.7803906999761239,
    "peak_bytes": 70483845
  },
  "summary": {
    "peak_memory_reduction_x": 1.0674193639691478,
    "speedup_x": 1.2902895946926298
  }
}