{
  "json": {
    "save_seconds": 0.007929999963380396,
    "load_seconds": 0.023567199998069555,
    "file_bytes_json": 4041281,
    "file_bytes_zst": 0,
    "docs_loaded": 15000
  },
  "zstd": {
    "save_seconds": 0.03648279997287318,
    "load_seconds": 0.016975400038063526,
    "file_bytes_json": 0,
    "file_bytes_zst": 32453,
    "docs_loaded": 15000
  },
  "summary": {
    "compression_available": true,
    "size_reduction_x": 124.52719317166364,
    "save_speedup_x": 0.21736270158202647,
    "load_speedup_x": 1.3883148523878905
  }
}