{
  "script": "bench_graphrag_relation_storage_profile.py",
  "baseline": {
    "side": "v010",
    "exit_code": 0,
    "seconds": 0.208,
    "output": "{\n  \"legacy\": {\n    \"bytes\": 3316492,\n    \"prepare_seconds\": 0.022116599953733385,\n    \"write_io_seconds\": 0.0031652000034227967,\n    \"read_parse_seconds\": 0.03590870002517477,\n    \"top_keys\": 8000\n  },\n  \"compact_v2\": {\n    \"bytes\": 1828519,\n    \"prepare_seconds\": 0.011502099980134517,\n    \"write_io_seconds\": 0.001652900013141334,\n    \"read_parse_seconds\": 0.01573749998351559,\n    \"top_keys\": 2\n  },\n  \"summary\": {\n    \"size_reduction_x\": 1.8137585663588949,\n    \"prepare_speedup_x\": 1.9228314822450996,\n    \"read_parse_speedup_x\": 2.2817283598276545\n  }\n}\nWrote: C:\\dev\\studio_brain_open\\bench_results_graphrag_relation_storage_profile.json",
    "json_artifact": "C:\\dev\\studio_brain_open\\bench_logs_function_pairs_20260412_211414\\bench_graphrag_relation_storage_profile__v010.json",
    "summary": {
      "size_reduction_x": 1.8137585663588949,
      "prepare_speedup_x": 1.9228314822450996,
      "read_parse_speedup_x": 2.2817283598276545
    }
  },
  "current": {
    "side": "current",
    "exit_code": 0,
    "seconds": 0.205,
    "output": "{\n  \"legacy\": {\n    \"bytes\": 3316492,\n    \"prepare_seconds\": 0.021698299970012158,\n    \"write_io_seconds\": 0.006986299995332956,\n    \"read_parse_seconds\": 0.03669159999117255,\n    \"top_keys\": 8000\n  },\n  \"compact_v2\": {\n    \"bytes\": 1828519,\n    \"prepare_seconds\": 0.010884699993766844,\n    \"write_io_seconds\": 0.001660300011280924,\n    \"read_parse_seconds\": 0.016410699987318367,\n    \"top_keys\": 2\n  },\n  \"summary\": {\n    \"size_reduction_x\": 1.8137585663588949,\n    \"prepare_speedup_x\": 1.9934678936891006,\n    \"read_parse_speedup_x\": 2.2358339388037427\n  }\n}\nWrote: C:\\dev\\studio_brain_open\\bench_results_graphrag_relation_storage_profile.json",
    "json_artifact": "C:\\dev\\studio_brain_open\\bench_logs_function_pairs_20260412_211414\\bench_graphrag_relation_storage_profile__current.json",
    "summary": {
      "size_reduction_x": 1.8137585663588949,
      "prepare_speedup_x": 1.9934678936891006,
      "read_parse_speedup_x": 2.2358339388037427
    }
  }
}
