{
  "file_bytes": 7255989,
  "records": 50000,
  "summary": {
    "orjson_available": true,
    "stdlib_parse_seconds": 0.05899739998858422,
    "orjson_parse_seconds": 0.06552289996761829,
    "parse_speedup_x": 0.9004088649577628
  }
}