{
  "file_bytes": 7255989,
  "records": 50000,
  "summary": {
    "orjson_available": true,
    "stdlib_parse_seconds": 0.054828799969982356,
    "orjson_parse_seconds": 0.06647359998896718,
    "parse_speedup_x": 0.8248206803766075
  }
}