{
  "plain": {
    "json_bytes": 16612172,
    "json_dump_seconds": 0.10830939997686073
  },
  "compact": {
    "json_bytes": 11812172,
    "map_compact_seconds": 0.05799910001223907,
    "json_dump_seconds": 0.09164139995118603,
    "map_expand_seconds": 0.059961300052236766
  },
  "summary": {
    "rows": 120000,
    "size_reduction_x": 1.4063604898404798,
    "json_dump_speedup_x": 1.181882861180134
  }
}