{
  "json": {
    "save_seconds": 0.059881199966184795,
    "load_seconds": 0.04538720002165064,
    "file_bytes_json": 4146280,
    "file_bytes_zst": 0,
    "docs_loaded": 15000
  },
  "zstd": {
    "save_seconds": 0.09451919997809455,
    "load_seconds": 0.030416699999477714,
    "file_bytes_json": 0,
    "file_bytes_zst": 32298,
    "docs_loaded": 15000
  },
  "summary": {
    "compression_available": true,
    "size_reduction_x": 128.37575082048423,
    "save_speedup_x": 0.633534773676276,
    "load_speedup_x": 1.4921802832795796
  }
}