{
  "sequential": {
    "seconds": 0.07809759996598586,
    "bytes": 7095578
  },
  "parallel_4w": {
    "seconds": 0.06947139999829233,
    "bytes": 7095578
  },
  "summary": {
    "speedup_x": 1.1241690820669452,
    "bytes_equal": true
  }
}