{
  "plain": {
    "json_bytes": 16612172,
    "json_dump_seconds": 0.09080010000616312
  },
  "compact": {
    "json_bytes": 11812172,
    "map_compact_seconds": 0.05560929997591302,
    "json_dump_seconds": 0.08821930002886802,
    "map_expand_seconds": 0.05559829995036125
  },
  "summary": {
    "rows": 120000,
    "size_reduction_x": 1.4063604898404798,
    "json_dump_speedup_x": 1.0292543692417713
  }
}