{
  "llm_cache_global_map_reduce": {
    "cache_off": {
      "seconds_total": 0.0008012999896891415,
      "llm_calls": 80
    },
    "cache_on": {
      "seconds_total": 0.0005952999927103519,
      "llm_calls": 80
    },
    "llm_call_reduction_x": 1.0,
    "speedup": 1.3460440105851312
  },
  "global_reduce_skip": {
    "skip_off": {
      "seconds_total": 0.0005862999823875725,
      "llm_calls": 80
    },
    "skip_on": {
      "seconds_total": 0.0005850999732501805,
      "llm_calls": 80
    },
    "llm_call_reduction_x": 1.0,
    "speedup": 1.002050947175277
  },
  "global_answer_cache": {
    "answer_cache_off": {
      "seconds_total": 0.0005785999819636345,
      "llm_calls": 80
    },
    "answer_cache_on": {
      "seconds_total": 0.0005951999919489026,
      "llm_calls": 80
    },
    "llm_call_reduction_x": 1.0,
    "speedup": 0.972110197900182
  },
  "global_map_cache": {
    "map_cache_off": {
      "seconds_total": 0.0005875999922864139,
      "llm_calls": 80
    },
    "map_cache_on": {
      "seconds_total": 0.0006044000037945807,
      "llm_calls": 80
    },
    "llm_call_reduction_x": 1.0,
    "speedup": 0.9722038196514031
  },
  "persist_write_coalescing": {
    "persist_if_changed_seconds": 0.08973930001957342,
    "baseline_write_every_time_seconds": 0.055146200000308454,
    "speedup": 0.6145156022866267
  }
}