{
  "count_cache_off": {
    "seconds_total": 3.9846294000162743
  },
  "count_cache_on": {
    "seconds_total": 0.7529608000186272
  },
  "summary": {
    "speedup_x": 5.291948000370936
  }
}